name,link,image_url,price,rating,location,facilities,description
La Passion Classic Hotel,https://www.booking.com/hotel/vn/mon-regency.vi.html?aid=304142&label=gen173nr-1FCAQoggJCEHNlYXJjaF9ow6AgbuG7mWlIKlgEaPQBiAEBmAEquAEXyAEM2AEB6AEB-AEDiAIBqAIDuAKdkZLABsACAdICJDRiNWE4NGY4LWYyNzYtNDkyMC1hYTdhLTExZGJkMGI2N2I0M9gCBeACAQ&ucfs=1&arphpl=1&group_adults=2&req_adults=2&no_rooms=1&group_children=0&req_children=0&hpos=1&hapos=1&sr_order=popularity&srpvid=f8b027ce24a602b5&srepoch=1745127582&from=searchresults,https://cf.bstatic.com/xdata/images/hotel/square240/634661490.webp?k=7e8ebcc6e7c68c82ae8544221dbba20636d5c5855b8ff411387cbbb3c7887592&o=,N/A,"Đạt điểm 9,19,1Tuyệt hảo 690 đánh giá","Quận Hoàn Kiếm, Hà Nội",,690 đánh giá
BIG Apartment Ha Noi,https://www.booking.com/hotel/vn/alaya-6-apartment.vi.html?aid=304142&label=gen173nr-1FCAQoggJCEHNlYXJjaF9ow6AgbuG7mWlIKlgEaPQBiAEBmAEquAEXyAEM2AEB6AEB-AEDiAIBqAIDuAKdkZLABsACAdICJDRiNWE4NGY4LWYyNzYtNDkyMC1hYTdhLTExZGJkMGI2N2I0M9gCBeACAQ&ucfs=1&arphpl=1&group_adults=2&req_adults=2&no_rooms=1&group_children=0&req_children=0&hpos=2&hapos=2&sr_order=popularity&srpvid=f8b027ce24a602b5&srepoch=1745127582&from=searchresults,https://cf.bstatic.com/xdata/images/hotel/square240/584200643.webp?k=b588a1a60a8017a24b3f6181146cfeede3d17d4b3bfe221f97d49154a5cc4f28&o=,N/A,"Đạt điểm 8,38,3Rất tốt 124 đánh giá","Cau Giay, Hà Nội",,124 đánh giá thật
Astoria Hotel - St Joseph Cathedral Hanoi,https://www.booking.com/hotel/vn/tamundi-home-the-old-quarter-ngo-huyen.vi.html?aid=304142&label=gen173nr-1FCAQoggJCEHNlYXJjaF9ow6AgbuG7mWlIKlgEaPQBiAEBmAEquAEXyAEM2AEB6AEB-AEDiAIBqAIDuAKdkZLABsACAdICJDRiNWE4NGY4LWYyNzYtNDkyMC1hYTdhLTExZGJkMGI2N2I0M9gCBeACAQ&ucfs=1&arphpl=1&group_adults=2&req_adults=2&no_rooms=1&group_children=0&req_children=0&hpos=3&hapos=3&sr_order=popularity&srpvid=f8b027ce24a602b5&srepoch=1745127582&from=searchresults,https://cf.bstatic.com/xdata/images/hotel/square240/630118574.webp?k=61a7bc002396be86b7446ee9a8c620515980a41fbcf6a0293a93f4414d54c4d1&o=,N/A,"Đạt điểm 9,89,8Xuất sắc 98 đánh giá","Quận Hoàn Kiếm, Hà Nội",,98 đánh giá thật
Hotel Du Palace,https://www.booking.com/hotel/vn/king-palace-and-spa.vi.html?aid=304142&label=gen173nr-1FCAQoggJCEHNlYXJjaF9ow6AgbuG7mWlIKlgEaPQBiAEBmAEquAEXyAEM2AEB6AEB-AEDiAIBqAIDuAKdkZLABsACAdICJDRiNWE4NGY4LWYyNzYtNDkyMC1hYTdhLTExZGJkMGI2N2I0M9gCBeACAQ&ucfs=1&arphpl=1&group_adults=2&req_adults=2&no_rooms=1&group_children=0&req_children=0&hpos=4&hapos=4&sr_order=popularity&srpvid=f8b027ce24a602b5&srepoch=1745127582&from=searchresults,https://cf.bstatic.com/xdata/images/hotel/square240/637262044.webp?k=9fb07e57b184f95143324f5670dbda17218877b1131791cc054cda42596681d6&o=,N/A,"Đạt điểm 9,49,4Tuyệt hảo 149 đánh giá","Quận Hoàn Kiếm, Hà Nội",,149 đánh giá thật
Sam Sam Studio - 2 Dragons WestLake - Washing machine,https://www.booking.com/hotel/vn/sam-sam-studio-2-dragons-westlake-washing-machine.vi.html?aid=304142&label=gen173nr-1FCAQoggJCEHNlYXJjaF9ow6AgbuG7mWlIKlgEaPQBiAEBmAEquAEXyAEM2AEB6AEB-AEDiAIBqAIDuAKdkZLABsACAdICJDRiNWE4NGY4LWYyNzYtNDkyMC1hYTdhLTExZGJkMGI2N2I0M9gCBeACAQ&ucfs=1&arphpl=1&group_adults=2&req_adults=2&no_rooms=1&group_children=0&req_children=0&hpos=5&hapos=5&sr_order=popularity&srpvid=f8b027ce24a602b5&srepoch=1745127582&from=searchresults,https://cf.bstatic.com/xdata/images/hotel/square240/652173876.webp?k=f98192cb3dfbe1f83fd13e9005e14c073a3c3f78f1a321a7c6be7262f4075d4e&o=,N/A,"Đạt điểm 9,69,6Xuất sắc 21 đánh giá","Quận Tây Hồ, Hà Nội",,21 đánh giá thật
Collection O Le Grand Hanoi hotel - The Central Park,https://www.booking.com/hotel/vn/le-grand-hanoi-the-central-park.vi.html?aid=304142&label=gen173nr-1FCAQoggJCEHNlYXJjaF9ow6AgbuG7mWlIKlgEaPQBiAEBmAEquAEXyAEM2AEB6AEB-AEDiAIBqAIDuAKdkZLABsACAdICJDRiNWE4NGY4LWYyNzYtNDkyMC1hYTdhLTExZGJkMGI2N2I0M9gCBeACAQ&ucfs=1&arphpl=1&group_adults=2&req_adults=2&no_rooms=1&group_children=0&req_children=0&hpos=6&hapos=6&sr_order=popularity&srpvid=f8b027ce24a602b5&srepoch=1745127582&from=searchresults,https://cf.bstatic.com/xdata/images/hotel/square240/667311422.webp?k=0080094409e4fc29c328f8cab941adbb2d29f0347ceaa3f4687df24863aa9804&o=,N/A,"Đạt điểm 7,57,5Tốt 31 đánh giá","Quận Hai Bà Trưng, Hà Nội",,31 đánh giá
Ben's Premier Hotel & Apartment - Hanoi Center,https://www.booking.com/hotel/vn/bens-premier-amp-apartment-hanoi-center.vi.html?aid=304142&label=gen173nr-1FCAQoggJCEHNlYXJjaF9ow6AgbuG7mWlIKlgEaPQBiAEBmAEquAEXyAEM2AEB6AEB-AEDiAIBqAIDuAKdkZLABsACAdICJDRiNWE4NGY4LWYyNzYtNDkyMC1hYTdhLTExZGJkMGI2N2I0M9gCBeACAQ&ucfs=1&arphpl=1&group_adults=2&req_adults=2&no_rooms=1&group_children=0&req_children=0&hpos=7&hapos=7&sr_order=popularity&srpvid=f8b027ce24a602b5&srepoch=1745127582&from=searchresults,https://cf.bstatic.com/xdata/images/hotel/square240/663328500.webp?k=f03fe98e5474f76a54645ee3fdb28e99c8f4c607b3a022fbfc2545edffde1242&o=,N/A,"Đạt điểm 9,79,7Xuất sắc 9 đánh giá","Quận Hai Bà Trưng, Hà Nội",,9 đánh giá thật
Hanoi Ben's Apartment and Hotel,https://www.booking.com/hotel/vn/hanoi-bens-apartment-and.vi.html?aid=304142&label=gen173nr-1FCAQoggJCEHNlYXJjaF9ow6AgbuG7mWlIKlgEaPQBiAEBmAEquAEXyAEM2AEB6AEB-AEDiAIBqAIDuAKdkZLABsACAdICJDRiNWE4NGY4LWYyNzYtNDkyMC1hYTdhLTExZGJkMGI2N2I0M9gCBeACAQ&ucfs=1&arphpl=1&group_adults=2&req_adults=2&no_rooms=1&group_children=0&req_children=0&hpos=8&hapos=8&sr_order=popularity&srpvid=f8b027ce24a602b5&srepoch=1745127582&from=searchresults,https://cf.bstatic.com/xdata/images/hotel/square240/547325816.webp?k=ad437e7da3c90533f86db6cf1f1efed1b59a3f26330d356d0b120785c779233a&o=,N/A,"Đạt điểm 8,98,9Tuyệt vời 346 đánh giá","Quận Hai Bà Trưng, Hà Nội",,346 đánh giá thật
La Palm Boutique Hotel,https://www.booking.com/hotel/vn/la-palm-boutique.vi.html?aid=304142&label=gen173nr-1FCAQoggJCEHNlYXJjaF9ow6AgbuG7mWlIKlgEaPQBiAEBmAEquAEXyAEM2AEB6AEB-AEDiAIBqAIDuAKdkZLABsACAdICJDRiNWE4NGY4LWYyNzYtNDkyMC1hYTdhLTExZGJkMGI2N2I0M9gCBeACAQ&ucfs=1&arphpl=1&group_adults=2&req_adults=2&no_rooms=1&group_children=0&req_children=0&hpos=9&hapos=9&sr_order=popularity&srpvid=f8b027ce24a602b5&srepoch=1745127582&from=searchresults,https://cf.bstatic.com/xdata/images/hotel/square240/653482096.webp?k=63ae42d51d79446da0984b30241326d2f86efcbe687b953b3b7c03d9f0b1e525&o=,N/A,"Đạt điểm 9,69,6Xuất sắc 64 đánh giá","Quận Hoàn Kiếm, Hà Nội",,64 đánh giá
An Nguyen Lakeside Residence,https://www.booking.com/hotel/vn/an-nguyen-lakeside-residence.vi.html?aid=304142&label=gen173nr-1FCAQoggJCEHNlYXJjaF9ow6AgbuG7mWlIKlgEaPQBiAEBmAEquAEXyAEM2AEB6AEB-AEDiAIBqAIDuAKdkZLABsACAdICJDRiNWE4NGY4LWYyNzYtNDkyMC1hYTdhLTExZGJkMGI2N2I0M9gCBeACAQ&ucfs=1&arphpl=1&group_adults=2&req_adults=2&no_rooms=1&group_children=0&req_children=0&hpos=10&hapos=10&sr_order=popularity&srpvid=f8b027ce24a602b5&srepoch=1745127582&from=searchresults,https://cf.bstatic.com/xdata/images/hotel/square240/646053878.webp?k=483564eff559ad4ea5563bfee668ef496162c94ebfed0ecf0a8723e22710ddbc&o=,N/A,"Đạt điểm 9,99,9Xuất sắc 126 đánh giá","Quận Ba Đình, Hà Nội",,126 đánh giá
Legend Westlake Hotel,https://www.booking.com/hotel/vn/legend-west-lake.vi.html?aid=304142&label=gen173nr-1FCAQoggJCEHNlYXJjaF9ow6AgbuG7mWlIKlgEaPQBiAEBmAEquAEXyAEM2AEB6AEB-AEDiAIBqAIDuAKdkZLABsACAdICJDRiNWE4NGY4LWYyNzYtNDkyMC1hYTdhLTExZGJkMGI2N2I0M9gCBeACAQ&ucfs=1&arphpl=1&group_adults=2&req_adults=2&no_rooms=1&group_children=0&req_children=0&hpos=11&hapos=11&sr_order=popularity&srpvid=f8b027ce24a602b5&srepoch=1745127582&from=searchresults,https://cf.bstatic.com/xdata/images/hotel/square240/552950319.webp?k=ef24bce804ba4b84c12b0b84164bafb850e53d39c03d34aef052f68c537f3bd9&o=,N/A,"Đạt điểm 8,28,2Rất tốt 177 đánh giá","Quận Tây Hồ, Hà Nội",,177 đánh giá
"Capital Apartments 285 Đội Cấn, Ba Đình, Hà Nội",https://www.booking.com/hotel/vn/capital-apartments-285-doi-can-ba-dinh-ha-noi.vi.html?aid=304142&label=gen173nr-1FCAQoggJCEHNlYXJjaF9ow6AgbuG7mWlIKlgEaPQBiAEBmAEquAEXyAEM2AEB6AEB-AEDiAIBqAIDuAKdkZLABsACAdICJDRiNWE4NGY4LWYyNzYtNDkyMC1hYTdhLTExZGJkMGI2N2I0M9gCBeACAQ&ucfs=1&arphpl=1&group_adults=2&req_adults=2&no_rooms=1&group_children=0&req_children=0&hpos=12&hapos=12&sr_order=popularity&srpvid=f8b027ce24a602b5&srepoch=1745127582&from=searchresults,https://cf.bstatic.com/xdata/images/hotel/square240/561218297.webp?k=92153a36f8f8500ecdab4da958c8f9cc77edcff8c0dd4e6e817e6ec23661e281&o=,N/A,"Đạt điểm 8,78,7Tuyệt vời 21 đánh giá","Quận Ba Đình, Hà Nội",,21 đánh giá thật
Sunny Days Apartment & Hotel,https://www.booking.com/hotel/vn/paradise-home-kham-thien.vi.html?aid=304142&label=gen173nr-1FCAQoggJCEHNlYXJjaF9ow6AgbuG7mWlIKlgEaPQBiAEBmAEquAEXyAEM2AEB6AEB-AEDiAIBqAIDuAKdkZLABsACAdICJDRiNWE4NGY4LWYyNzYtNDkyMC1hYTdhLTExZGJkMGI2N2I0M9gCBeACAQ&ucfs=1&arphpl=1&group_adults=2&req_adults=2&no_rooms=1&group_children=0&req_children=0&hpos=13&hapos=13&sr_order=popularity&srpvid=f8b027ce24a602b5&srepoch=1745127582&from=searchresults,https://cf.bstatic.com/xdata/images/hotel/square240/500105954.webp?k=f14cd42ddc41e50527212b9756239cc620d92c3b117794e6d420b4b8e5bbf199&o=,N/A,"Đạt điểm 8,28,2Rất tốt 33 đánh giá","Quận Đống Đa, Hà Nội",,33 đánh giá
"Luli Homestay - 40m Newly Built House, Luxury Location, Quiet Place",https://www.booking.com/hotel/vn/luli-homestay.vi.html?aid=304142&label=gen173nr-1FCAQoggJCEHNlYXJjaF9ow6AgbuG7mWlIKlgEaPQBiAEBmAEquAEXyAEM2AEB6AEB-AEDiAIBqAIDuAKdkZLABsACAdICJDRiNWE4NGY4LWYyNzYtNDkyMC1hYTdhLTExZGJkMGI2N2I0M9gCBeACAQ&ucfs=1&arphpl=1&group_adults=2&req_adults=2&no_rooms=1&group_children=0&req_children=0&hpos=14&hapos=14&sr_order=popularity&srpvid=f8b027ce24a602b5&srepoch=1745127582&from=searchresults,https://cf.bstatic.com/xdata/images/hotel/square240/653117961.webp?k=0f280b18057316d54f8ba797351afe70013c93a867976f3ff241c35b896c879b&o=,N/A,"Đạt điểm 7,67,6Tốt 28 đánh giá","Quận Ba Đình, Hà Nội",,28 đánh giá thật
Khách sạn epic,https://www.booking.com/hotel/vn/khach-san-epic.vi.html?aid=304142&label=gen173nr-1FCAQoggJCEHNlYXJjaF9ow6AgbuG7mWlIKlgEaPQBiAEBmAEquAEXyAEM2AEB6AEB-AEDiAIBqAIDuAKdkZLABsACAdICJDRiNWE4NGY4LWYyNzYtNDkyMC1hYTdhLTExZGJkMGI2N2I0M9gCBeACAQ&ucfs=1&arphpl=1&group_adults=2&req_adults=2&no_rooms=1&group_children=0&req_children=0&hpos=15&hapos=15&sr_order=popularity&srpvid=f8b027ce24a602b5&srepoch=1745127582&from=searchresults,https://cf.bstatic.com/xdata/images/hotel/square240/674047004.webp?k=6a6ec5f807a5daab6ad125c567f3f83f6185bc61297129db121ac7b34ac93366&o=,N/A,N/A,Hà Nội,,Phòng ngủ 1
Stay near Thun town center,https://www.booking.com/hotel/vn/stay-near-thun-town-center.vi.html?aid=304142&label=gen173nr-1FCAQoggJCEHNlYXJjaF9ow6AgbuG7mWlIKlgEaPQBiAEBmAEquAEXyAEM2AEB6AEB-AEDiAIBqAIDuAKdkZLABsACAdICJDRiNWE4NGY4LWYyNzYtNDkyMC1hYTdhLTExZGJkMGI2N2I0M9gCBeACAQ&ucfs=1&arphpl=1&group_adults=2&req_adults=2&no_rooms=1&group_children=0&req_children=0&hpos=16&hapos=16&sr_order=popularity&srpvid=f8b027ce24a602b5&srepoch=1745127582&from=searchresults,https://cf.bstatic.com/xdata/images/hotel/square240/674042991.webp?k=794b25c5b3f6b171b66bf465cf5149417a72ab138d2f83d6e23600aeb409deb7&o=,N/A,N/A,Hà Nội,,1 giường sofa
Luxury villa,https://www.booking.com/hotel/vn/luxury-villa-dong-da.vi.html?aid=304142&label=gen173nr-1FCAQoggJCEHNlYXJjaF9ow6AgbuG7mWlIKlgEaPQBiAEBmAEquAEXyAEM2AEB6AEB-AEDiAIBqAIDuAKdkZLABsACAdICJDRiNWE4NGY4LWYyNzYtNDkyMC1hYTdhLTExZGJkMGI2N2I0M9gCBeACAQ&ucfs=1&arphpl=1&group_adults=2&req_adults=2&no_rooms=1&group_children=0&req_children=0&hpos=17&hapos=17&sr_order=popularity&srpvid=f8b027ce24a602b5&srepoch=1745127582&from=searchresults,https://cf.bstatic.com/xdata/images/hotel/square240/674039671.webp?k=51687d623e80e4dc95b0f6ab2bfd6f5ee76e91bd8ef5b289f842a18b41147463&o=,N/A,N/A,Hà Nội,,1 giường đôi
Homestay - Timescity - Park Hill Ha Noi,https://www.booking.com/hotel/vn/homestay-timescity-park-hill-ha-noi.vi.html?aid=304142&label=gen173nr-1FCAQoggJCEHNlYXJjaF9ow6AgbuG7mWlIKlgEaPQBiAEBmAEquAEXyAEM2AEB6AEB-AEDiAIBqAIDuAKdkZLABsACAdICJDRiNWE4NGY4LWYyNzYtNDkyMC1hYTdhLTExZGJkMGI2N2I0M9gCBeACAQ&ucfs=1&arphpl=1&group_adults=2&req_adults=2&no_rooms=1&group_children=0&req_children=0&hpos=18&hapos=18&sr_order=popularity&srpvid=f8b027ce24a602b5&srepoch=1745127582&from=searchresults,https://cf.bstatic.com/xdata/images/hotel/square240/673339629.webp?k=15be190e886b9b0ec360762f33153d0585599aec9374bb3e1a8ff6fb39d8b8f9&o=,N/A,N/A,"Quận Hai Bà Trưng, Hà Nội",,1 giường đôi
Quiet place with beautiful nature,https://www.booking.com/hotel/vn/quiet-place-with-beautiful-nature.vi.html?aid=304142&label=gen173nr-1FCAQoggJCEHNlYXJjaF9ow6AgbuG7mWlIKlgEaPQBiAEBmAEquAEXyAEM2AEB6AEB-AEDiAIBqAIDuAKdkZLABsACAdICJDRiNWE4NGY4LWYyNzYtNDkyMC1hYTdhLTExZGJkMGI2N2I0M9gCBeACAQ&ucfs=1&arphpl=1&group_adults=2&req_adults=2&no_rooms=1&group_children=0&req_children=0&hpos=19&hapos=19&sr_order=popularity&srpvid=f8b027ce24a602b5&srepoch=1745127582&from=searchresults,https://cf.bstatic.com/xdata/images/hotel/square240/673263742.webp?k=4b1de5c201d6242b64a697613548a444e44ef6781d987c3b2a5e372501f999f9&o=,N/A,N/A,"Quận Đống Đa, Hà Nội",,1 giường đôi
Lily's House,https://www.booking.com/hotel/vn/lilys-house-hai-ba-trung.vi.html?aid=304142&label=gen173nr-1FCAQoggJCEHNlYXJjaF9ow6AgbuG7mWlIKlgEaPQBiAEBmAEquAEXyAEM2AEB6AEB-AEDiAIBqAIDuAKdkZLABsACAdICJDRiNWE4NGY4LWYyNzYtNDkyMC1hYTdhLTExZGJkMGI2N2I0M9gCBeACAQ&ucfs=1&arphpl=1&group_adults=2&req_adults=2&no_rooms=1&group_children=0&req_children=0&hpos=20&hapos=20&sr_order=popularity&srpvid=f8b027ce24a602b5&srepoch=1745127582&from=searchresults,https://cf.bstatic.com/xdata/images/hotel/square240/673967264.webp?k=9dec14e04a0bb3dd3c475282e64aa36dbb4ef1ccf34ef8961a4640836a860047&o=,N/A,N/A,Hà Nội,,Phòng ngủ
"173 Hoàng Hoa Thám, Ba Đình, Hà Nội",https://www.booking.com/hotel/vn/173-hoang-hoa-tham-ba-dinh-ha-noi.vi.html?aid=304142&label=gen173nr-1FCAQoggJCEHNlYXJjaF9ow6AgbuG7mWlIKlgEaPQBiAEBmAEquAEXyAEM2AEB6AEB-AEDiAIBqAIDuAKdkZLABsACAdICJDRiNWE4NGY4LWYyNzYtNDkyMC1hYTdhLTExZGJkMGI2N2I0M9gCBeACAQ&ucfs=1&arphpl=1&group_adults=2&req_adults=2&no_rooms=1&group_children=0&req_children=0&hpos=21&hapos=21&sr_order=popularity&srpvid=f8b027ce24a602b5&srepoch=1745127582&from=searchresults,https://cf.bstatic.com/xdata/images/hotel/square240/673828747.webp?k=4f4f62b37df3e5cb9893b5e60cbdc2046ecd4b5e5ce84f1896d95feb87e76542&o=,N/A,N/A,"Quận Ba Đình, Hà Nội",,1 giường đôi
Élan District,https://www.booking.com/hotel/vn/elan-district.vi.html?aid=304142&label=gen173nr-1FCAQoggJCEHNlYXJjaF9ow6AgbuG7mWlIKlgEaPQBiAEBmAEquAEXyAEM2AEB6AEB-AEDiAIBqAIDuAKdkZLABsACAdICJDRiNWE4NGY4LWYyNzYtNDkyMC1hYTdhLTExZGJkMGI2N2I0M9gCBeACAQ&ucfs=1&arphpl=1&group_adults=2&req_adults=2&no_rooms=1&group_children=0&req_children=0&hpos=22&hapos=22&sr_order=popularity&srpvid=f8b027ce24a602b5&srepoch=1745127582&from=searchresults,https://cf.bstatic.com/xdata/images/hotel/square240/673262245.webp?k=fdd69599192be8e0049e60e1d31b756d855dec7baabd128d1e2d4aadf2395386&o=,N/A,N/A,"Quận Hai Bà Trưng, Hà Nội",,1 giường đôi
Château Lumière,https://www.booking.com/hotel/vn/chateau-lumiere.vi.html?aid=304142&label=gen173nr-1FCAQoggJCEHNlYXJjaF9ow6AgbuG7mWlIKlgEaPQBiAEBmAEquAEXyAEM2AEB6AEB-AEDiAIBqAIDuAKdkZLABsACAdICJDRiNWE4NGY4LWYyNzYtNDkyMC1hYTdhLTExZGJkMGI2N2I0M9gCBeACAQ&ucfs=1&arphpl=1&group_adults=2&req_adults=2&no_rooms=1&group_children=0&req_children=0&hpos=23&hapos=23&sr_order=popularity&srpvid=f8b027ce24a602b5&srepoch=1745127582&from=searchresults,https://cf.bstatic.com/xdata/images/hotel/square240/673259936.webp?k=69d1b443b54f6f151aae73a32fb373bd5ac961cf071a40f562855faef6ee2f3b&o=,N/A,N/A,"Quận Hai Bà Trưng, Hà Nội",,Nhấp vào đây để xem thêm khách sạn và chỗ nghỉ gần các địa danh nổi tiếng ở Hà Nội
Hotel De La Seine,https://www.booking.com/hotel/vn/de-la-seine.vi.html?aid=304142&label=gen173nr-1FCAQoggJCEHNlYXJjaF9ow6AgbuG7mWlIKlgEaPQBiAEBmAEquAEXyAEM2AEB6AEB-AEDiAIBqAIDuAKdkZLABsACAdICJDRiNWE4NGY4LWYyNzYtNDkyMC1hYTdhLTExZGJkMGI2N2I0M9gCBeACAQ&ucfs=1&arphpl=1&group_adults=2&req_adults=2&no_rooms=1&group_children=0&req_children=0&hpos=24&hapos=24&sr_order=popularity&srpvid=f8b027ce24a602b5&srepoch=1745127582&from=searchresults,https://cf.bstatic.com/xdata/images/hotel/square240/215166946.webp?k=df01b7012c0be525296b49e9614124b4bdc0099d2e2385576bbf21bdf354ed8f&o=,N/A,"Đạt điểm 9,29,2Tuyệt hảo 132 đánh giá","Quận Đống Đa, Hà Nội",,132 đánh giá thật
G-Apartment & Hotel,https://www.booking.com/hotel/vn/g-apartment-amp.vi.html?aid=304142&label=gen173nr-1FCAQoggJCEHNlYXJjaF9ow6AgbuG7mWlIKlgEaPQBiAEBmAEquAEXyAEM2AEB6AEB-AEDiAIBqAIDuAKdkZLABsACAdICJDRiNWE4NGY4LWYyNzYtNDkyMC1hYTdhLTExZGJkMGI2N2I0M9gCBeACAQ&ucfs=1&arphpl=1&group_adults=2&req_adults=2&no_rooms=1&group_children=0&req_children=0&hpos=25&hapos=25&sr_order=popularity&srpvid=f8b027ce24a602b5&srepoch=1745127582&from=searchresults,https://cf.bstatic.com/xdata/images/hotel/square240/673321912.webp?k=65c2d25cbfbaedc8b583e3ca9b84c48f369d2ea5c2f318598acccb920f11f154&o=,N/A,N/A,"Quận Ba Đình, Hà Nội",,1 giường đôi cực lớn
