hotel_id,name,link,price,tax_info,rating,location,description,images,room_types,city,elderly_friendly,room_info,unit
hotel_000000,HoLo Kim Ma Hanoi - Serviced Homestay,https://www.booking.com/hotel/vn/holo-kim-ma-hanoi.vi.html?label=gen173nr-1FCAQoggJCEHNlYXJjaF9ow6AgbuG7mWlIKlgEaPQBiAEBmAEquAEHyAEM2AEB6AEB-AEDiAIBqAIDuAKV75HABsACAdICJDJjNTc3NTFlLTBkZjctNGFiOC05MjlhLTk3ZTJlYzBhMmE2ZtgCBeACAQ&sid=7834fe4d42ec780609444a0dd3917e20&aid=304142&ucfs=1&arphpl=1&checkin=2025-04-22&checkout=2025-04-23&dest_id=-3714993&dest_type=city&group_adults=2&req_adults=2&no_rooms=1&group_children=0&req_children=0&hpos=1&hapos=1&sr_order=popularity&srpvid=80461fe0671002da&srepoch=1745296322&all_sr_blocks=1218341111_393999051_2_0_0&highlighted_blocks=1218341111_393999051_2_0_0&matching_block_id=1218341111_393999051_2_0_0&sr_pri_blocks=1218341111_393999051_2_0_0__31809000&from=searchresults,318090.0,Đã bao gồm thuế và phí,8.68,"Quận Ba Đình, Hà Nội","Nằm ở Hà Nội, HoLo Kim Ma Hanoi - Serviced Homestay nhìn ra thành phố, có Wi-Fi miễn phí và cách Trung tâm thương mại Vincom Nguyễn Chí Thanh 12 phút đi bộ cũng như Bảo tàng dân tộc học Việt Nam 2.3 km.

Tất cả các căn có phòng tắm riêng, vòi xịt/chậu rửa vệ sinh, điều hòa, TV màn hình phẳng và tủ lạnh.

Khách sạn căn hộ cách Bảo tàng mỹ thuật Việt Nam 3.2 km và Văn Miếu - Quốc Tử Giám 3.3 km. Chỗ nghỉ cách Sân bay Quốc tế Nội Bài 23 km và cung cấp dịch vụ đưa đón sân bay mất phí.","[{'url': 'https://cf.bstatic.com/xdata/images/hotel/max1024x768/564404174.jpg', 'alt': 'Tiện nghi pha trà/cà phê tại HoLo Kim Ma Hanoi - Serviced Homestay'}, {'url': 'https://cf.bstatic.com/xdata/images/hotel/max500/564404401.jpg', 'alt': 'Phòng tắm tại HoLo Kim Ma Hanoi - Serviced Homestay'}, {'url': 'https://cf.bstatic.com/xdata/images/hotel/max500/564404532.jpg', 'alt': 'Nhà bếp/bếp nhỏ tại HoLo Kim Ma Hanoi - Serviced Homestay'}, {'url': 'https://cf.bstatic.com/xdata/images/hotel/max300/564404479.jpg', 'alt': 'Giường trong phòng chung tại HoLo Kim Ma Hanoi - Serviced Homestay'}, {'url': 'https://cf.bstatic.com/xdata/images/hotel/max300/564404518.jpg', 'alt': 'TV/trung tâm giải trí tại HoLo Kim Ma Hanoi - Serviced Homestay'}, {'url': 'https://cf.bstatic.com/xdata/images/hotel/max300/564409556.jpg', 'alt': 'Tòa nhà nơi khách sạn căn hộ tọa lạc'}, {'url': 'https://cf.bstatic.com/xdata/images/hotel/max300/564404624.jpg', 'alt': 'Giường trong phòng chung tại HoLo Kim Ma Hanoi - Serviced Homestay'}, {'url': 'https://cf.bstatic.com/xdata/images/hotel/max300/564405045.jpg', 'alt': 'Nhà bếp/bếp nhỏ tại HoLo Kim Ma Hanoi - Serviced Homestay +37 ảnh'}]","[{'name': 'Phòng Giường Đôi', 'bed_type': 'N/A', 'price': 'VND\xa0318.090', 'taxes_and_fees': 'Đã bao gồm thuế và phí', 'occupancy': 'Số người tối đa: 2', 'conditions': 'Phí hủy: Toàn bộ tiền phòng   Không cần thanh toán trước - thanh toán tại chỗ nghỉ    Không cần thẻ tín dụng  •Chỉ còn 1 phòng trên trang của chúng tôi'}, {'name': 'Phòng Có Giường Cỡ Queen', 'bed_type': 'N/A', 'price': 'VND\xa0352.590', 'taxes_and_fees': 'Đã bao gồm thuế và phí', 'occupancy': 'Số người tối đa: 2', 'conditions': 'Phí hủy: Toàn bộ tiền phòng   Không cần thanh toán trước - thanh toán tại chỗ nghỉ    Không cần thẻ tín dụng  •Chỉ còn 1 phòng trên trang của chúng tôi'}]",hanoi,False,,VND
hotel_000001,Sheraton Hanoi Hotel,https://www.booking.com/hotel/vn/sheraton-hanoi-hotel.vi.html?label=gen173nr-1FCAQoggJCEHNlYXJjaF9ow6AgbuG7mWlIKlgEaPQBiAEBmAEquAEHyAEM2AEB6AEB-AEDiAIBqAIDuAKV75HABsACAdICJDJjNTc3NTFlLTBkZjctNGFiOC05MjlhLTk3ZTJlYzBhMmE2ZtgCBeACAQ&sid=7834fe4d42ec780609444a0dd3917e20&aid=304142&ucfs=1&arphpl=1&checkin=2025-04-22&checkout=2025-04-23&dest_id=-3714993&dest_type=city&group_adults=2&req_adults=2&no_rooms=1&group_children=0&req_children=0&hpos=2&hapos=2&sr_order=popularity&srpvid=80461fe0671002da&srepoch=1745296322&all_sr_blocks=38076709_274564209_2_41_0&highlighted_blocks=38076709_274564209_2_41_0&matching_block_id=38076709_274564209_2_41_0&sr_pri_blocks=38076709_274564209_2_41_0__1240000000&nad_id=60b32cc6-c805-419e-a8d6-d77e6d6ab31f_0&nad_cpc=0.5&nad_track=eyJhdWN0aW9uRXBvY2giOjE3NDUyOTYzMjE3NzMsInJhbmsiOjEsImtvZGRpVHJhY2tpbmdJbmZvIjoiUitEUEI1MjBHTXNRRUZFVTVTcHlWYy9lemg1RXlJM0l6Szg3S0czWkQ1T2NPVTg2QndCUE5tTmFRNDM0Z2l1VlpMUkdmanBxdWllbmgrelZGVE9sb2RJZEUyV1l0eXVPcC9GdGhzUDFXS0d5NDlDaVZDU3lLc2tscTBsbUh5blJHUDdKWkZXdlNOZUkvTGRuTlhTdVZEVlA3eTRLS20yMHNWTmo5ZW1RUURVa1NEbzBJSDRNWGlXeG14SlVlUTdaZUFTRUtISjlCS2s1N0wrb2tnbVhOaS9Kc2hXNkgwYmcyTzhXaTdLT3lncEVpYlZucmN2NE0zY1ZmU2t5SHE3RVhKMlYyenNqYnRWUFdZMks0c0ZXOS85a3Z3QmZFU0h5OTBBTktFUCtYTytuTDZ4eXRMZ01nNDhUQXNRUXp0NzVhbXlReDdNcDdFTjd0M3FEWlNWN1FZcE9nR1J5RGwzdzUwdDEzdjlOVFpQSWZYbi9GdmYzT01teFZMNGQ0OHVicUszTllOZ2FzbTZEakhpckhMSllLZlJ6b1IwaXNvbmIrNGxmUzBEZVI0UFhlWjcrWE5kRnR3YzRqK1JwY1FKS3AyWCtpK1N3QkF6Q0RHc3NLeHhiZzVjay9TZUV4QXVLUFR6Sy8rTmx1d0pPZEx4U1QrcXpXV1NSUTRMdjhWam54MUtuL0d1bkJCMWxmZzBFSGloaHVxZzl3YXhtQXFyb1BIcDFJb3RieEs1V1A1Yjd0bEM3VU85Z01Ma1ZaaDhQeG1IRlNtYXp2ZGNDbUVjdkNuWWFYMHlxditVVCtNM0lWUU8zUkpJWmdKcm9BVlh5cXFoMW5KWFE1dTRqYzNRV2JpYzhFM3FBYzZwekRqZkZqWmRPNWFsVFQzMTZXUWwzSmprNGxMYnpzVGVCMENXSmpSWHQyNkRITWFzV0dBL0RIUkhXOTZGaEZXUnh6L2NaMU9nd3VIV0lJcVFiVVJvcjBpeVRtNWNnU3ozbGR4WVAvaXlNZm9WU05XNmh5bkFhaHNFR3NQWEdYeGhrN3UwUXI5WVhIdmN4Y0pLSHdRSC9RazdBbVZwS1JTRE1JalFCOXQwcU5LSFZQQ2JxRndpb0QyREZmRFdmY1ZONnZGZ1ZDZHU1dDNvbmtPK0FFTkx1czMwUXozSWVEaU1jOEZCK1BuK1pOS1VQcW8vcWJVVXdqVmI2MGFDQ2NleENtYjZOTkVFVFNJZEgrWjZkWldPdnZUczI3K0V1VUM1b1hPb0pFdDhHR2FnN0dWYWxkMlQrK2hnWW5QUWtaZDc3eEtSMmhScjFiSk5BYjRVZ3VNSGZZOEEveDNSempxS0kzRG00WU12UVNVMlJ1VHgwWHN3RDc0WnR1U0JUTXZwd25sNFdLUHFDdGFvenRuclRmY3E4N0Z1NHdiTVRBck56RUtPM3JuNWxKTmpHRDVoUU00bTd4a2pXQm5JSkdHZlFMMkJnTmY1MWFYRmRtcGVaRlBMOUYxWWovTVp4ZVl0MW1SRXhWL3dUblpTelNjVEo1R3FDYVR1bWxYQlk0YlJUOStJblE4VGVFZnFvVmxpQ1c0SEJkamxwK2dTaXRLSTFIcmFFL0VhakdITmEzOHZqRGpPWGFCSTMxZHV5cHVuSzR4eXA3Vmc3S2hlZ2tMcmhuc2Vpd0drVFNDd1lpcFZuVWFVekE4V3QxcXcrK0wvYlpIWkZTWG9UNWp4dVdLdlNSSCtaa0FvYWVsRlFjc0lHem5zY2hPMTRucDI2WjJPWEJlSHBKTXZmUjhBb2lPT3I3TzQ0NU5TeGpUZVRDTks2eWlYeTcwRmpxTkgzY0ZCbGlsOU16U0RaMkw4L0l5V2M2V1N6aHRvc3UrS1Bod0tteGNqTTVpaXZnRzJFaU1kMEtaUXh4cDhBM3FpMmMwOFFWOWVIbzNCb0FCaDd0YlA4K0N0dVBZOUo4QVExMWc0K2xtSHMwQTJ0UHVoQldNZFVucXVCb2ZKdXB1blFNbmxBSWJ3U0hNNlByWncxcVZKcU1nak1DUkN4QUlvbWR3OFJsSVZsUG1QYzFMVzhHMm00eHk3R2V4ZzNtYjVjNm1pODlZcFU0Wm5RTFdkb0NuS2lOclRiMHA2VEp2YXVNcU93Sy93c2Evd1MxM2g0MTM1TmtUME8rMFZOODd3aHRLYlhCTm85cDdsZ3BZbjlxc0pPc05FZm1FSFJOMmxwMlA5aWg1VFlLY1BGNm1tb2xQTk15c0ZxYzFFdzdWZFArOHM0TzE2RkQzYVhsUHVOTlc4cWY1blZUOExoQ21QWFdMaDZJTVN0bFJDTzMyLzdESDRCa2hQNXZJMU5TS1hTTFRsREZ5dmN2N2xPNDFLT0JqcmptaEJxaUppUGQxOUZNTXJQeUdEZTA5K01jZmpUSHp4YUU3aldmT043eVphZUpjYTlQdTgwTENqNCtrZTM5M2lJQ2hvdWdxSjQwTUI4d0QxWm9VNTBIemFBSkxGdVRCcVVJTnYwbXFUYlh6dEZXc0hPbjJBRHdiS3VIelpCRVc1MGlhMjAzZ05DU1VxYTJsaG53bWVGZ1ZjWVQ3U3I1ZUh6WjZ0VHdSbm5oaCthTGhqcXVLSzVyVzArbGRBWVhtQ0hxcG9xdzJwTHVwTkptRVFVK1cvdXhETnFTdzBKaTVFdmlGU1cxWkRjR1VINmgwUUtyRlJ0TlZEQWp0N1pYWWJwNytCamZxRDZkVHNYUFk1SlI3VjFlSWk1SytJeEJ5WmhhV2lncDZ3QnQrS21hb21rME4zNjA0NEhzUEtaY2RxL1h4VU5tU1lsQ1JFc1dtUEt5ZTVPelBtWFpxZzdoY21jbGlEMmpVWmduNDN3L3NCZ0VoemtJQ3VtakFCQ1Fzb1UxdWdENDN4VFR1ajN4NnBTRzBKS2pvRXBtdVlXejBibzVvdVduMU1SMDMxb2JTVFQ5RDVRbDgveHlmNVAxSUZNYlllOXhtWk5YUHpzVVlNbDNRUTJvWXpHdGkyZTJ1b3hzOVRqaWR1OHR5LzJBN2VicTl6R2VlWFBuWnkyQUFDa1BPTTl5VHN6Q2ttMC8raEpZZXhlLytlSEVLVEZHcUR6ZWI1UHQrWHY2OEZLNTBwaTVCMXFWRXpRRGFUWDdXcmZtQ202K2crcHQzOURzQ0xmVk41ekltNkFRNW1NbGFYYjlyUXlJelBxWDlwZ1lyMTltU3l3M0pYSktiMEFsMjVjZWpyRS9lQkJhZkJxeWxaRkx0SU50dGVoWkVKbTJKbXo4aktVSHp5RVJXL1ZEY1ZoUzhOMEtMRERPZGErd3FvNEFDbnJWV1A0M0t4bnZaZ0o5TTMxZWRySEVNeU1YQjBWakVHQlZkODdSeFBwQU15WlVCc014TWQrNFUzUUZzMndNUUZKVkc1ZmdMOG0yclY1cTRqdFBlem5HR0ppWjh0SE1Dd1NkQT09In0%3D&from=searchresults,12400000.0,+VND 1.929.440 thuế và phí,8.18,"Quận Tây Hồ, Hà Nội","Nằm cách trung tâm thành phố Hà Nội và Hồ Hoàn Kiếm 10 phút lái xe, khách sạn Sheraton Hanoi Hotel sang trọng này có tầm nhìn tuyệt đẹp ra quang cảnh Hồ Tây. Nơi đây cung cấp chỗ nghỉ hiện đại với hồ bơi ngoài trời, trung tâm thể dục và chỗ đỗ xe miễn phí trong khuôn viên.

Phòng nghỉ rộng rãi tại đây được trang bị phòng tắm và buồng tắm vòi sen riêng biệt, két an toàn cá nhân, Internet WiFi, TV truyền hình cáp màn hình phẳng cũng như trà/cà phê miễn phí.

Khách sạn có trung tâm thể dục 24 giờ với thiết bị tập thể dục, các phòng xông hơi khô, bể jacuzzi và spa.

Oven D’or - Nhà hàng phục vụ ăn uống cả ngày - cung cấp tiệc tự chọn quốc tế. Hemispheres - Nhà hàng ăn ngon - phục vụ bít tết và hải sản. Lobby Lounge cung cấp các bữa ăn nhẹ, cà phê, trà chiều và đồ uống suốt cả ngày. Quán Bar Déjà Vu mang đến cho du khách một không gian sôi động để thưởng thức đồ uống có cồn và đồ ăn nhẹ vào buổi tối.

Sheraton Hanoi Hotel nằm gần Hồ Tây mang tính biểu tượng, cách Chùa Trấn Quốc 20 phút đi bộ và Lăng Chủ tịch Hồ Chí Minh cũng như Chùa Một Cột 5 phút lái xe. Chỗ nghỉ này nằm trong bán kính 15 phút lái xe từ Nhà hát múa rối nước nổi tiếng, Chợ Đồng Xuân và Văn Miếu - Quốc Tử Giám. Nếu không bị kẹt xe, du khách chỉ mất 25 phút lái xe để đi từ khách sạn đến sân bay quốc tế Nội Bài.","[{'url': 'https://cf.bstatic.com/xdata/images/hotel/max1024x768/643132181.jpg', 'alt': 'Phong cảnh thiên nhiên gần khách sạn'}, {'url': 'https://cf.bstatic.com/xdata/images/hotel/max500/643132402.jpg', 'alt': 'Giường trong phòng chung tại Sheraton Hanoi Hotel'}, {'url': 'https://cf.bstatic.com/xdata/images/hotel/max500/643132424.jpg', 'alt': 'Phòng tắm tại Sheraton Hanoi Hotel'}, {'url': 'https://cf.bstatic.com/xdata/images/hotel/max300/643212688.jpg', 'alt': 'Hồ bơi trong/gần Sheraton Hanoi Hotel'}, {'url': 'https://cf.bstatic.com/xdata/images/hotel/max300/643132537.jpg', 'alt': 'Khu vực ghế ngồi tại Sheraton Hanoi Hotel'}, {'url': 'https://cf.bstatic.com/xdata/images/hotel/max300/643132432.jpg', 'alt': 'Khu vực ghế ngồi tại Sheraton Hanoi Hotel'}, {'url': 'https://cf.bstatic.com/xdata/images/hotel/max300/643132199.jpg', 'alt': 'Tòa nhà nơi khách sạn tọa lạc'}, {'url': 'https://cf.bstatic.com/xdata/images/hotel/max300/643212708.jpg', 'alt': 'Khu vực hỗ trợ khách đi công tác/phòng hội thảo tại Sheraton Hanoi Hotel +37 ảnh'}]","[{'name': 'Phòng Sheraton Club Có Giường Cỡ King, Tầng Club, Phòng Nghỉ, 1 Giường Cỡ King', 'bed_type': 'N/A', 'price': 'VND\xa012.400.000', 'taxes_and_fees': '+VND\xa01.929.440 thuế và phí', 'charges_raw': '1929440', 'occupancy': 'Số người tối đa: 2', 'conditions': 'Bao gồm bữa sáng rất ngon  Phí hủy: Toàn bộ tiền phòng   Không cần thanh toán trước - thanh toán tại chỗ nghỉ  •Chỉ còn 1 phòng trên trang của chúng tôi'}, {'name': 'N/A', 'bed_type': 'N/A', 'price': 'VND\xa013.020.000', 'taxes_and_fees': '+VND\xa02.025.912 thuế và phí', 'charges_raw': '2025912', 'occupancy': 'Số người tối đa: 3', 'conditions': 'Bao gồm bữa sáng rất ngon  Phí hủy: Toàn bộ tiền phòng   Không cần thanh toán trước - thanh toán tại chỗ nghỉ  •Chỉ còn 1 phòng trên trang của chúng tôi'}]",hanoi,False,,VND
hotel_000002,"Luli Homestay - 40m Newly Built House, Luxury Location, Quiet Place",https://www.booking.com/hotel/vn/luli-homestay.vi.html?label=gen173nr-1FCAQoggJCEHNlYXJjaF9ow6AgbuG7mWlIKlgEaPQBiAEBmAEquAEHyAEM2AEB6AEB-AEDiAIBqAIDuAKV75HABsACAdICJDJjNTc3NTFlLTBkZjctNGFiOC05MjlhLTk3ZTJlYzBhMmE2ZtgCBeACAQ&sid=7834fe4d42ec780609444a0dd3917e20&aid=304142&ucfs=1&arphpl=1&checkin=2025-04-22&checkout=2025-04-23&dest_id=-3714993&dest_type=city&group_adults=2&req_adults=2&no_rooms=1&group_children=0&req_children=0&hpos=3&hapos=3&sr_order=popularity&srpvid=80461fe0671002da&srepoch=1745296322&all_sr_blocks=1369553802_409177446_2_0_0&highlighted_blocks=1369553802_409177446_2_0_0&matching_block_id=1369553802_409177446_2_0_0&sr_pri_blocks=1369553802_409177446_2_0_0__39000000&from=searchresults,390000.0,Đã bao gồm thuế và phí,7.67,"Quận Ba Đình, Hà Nội","Với khu vườn và sân hiên, Luli Homestay - 40m Newly Built House, Luxury Location, Quiet Place nằm ở Hà Nội, cách Trung tâm thương mại Vincom Nguyễn Chí Thanh 1.8 km và Chùa Một Cột 2.1 km.

Căn hộ cách Lăng Chủ tịch Hồ Chí Minh 2.7 km và Bảo tàng dân tộc học Việt Nam 2.7 km.","[{'url': 'https://cf.bstatic.com/xdata/images/hotel/max1024x768/653117961.jpg', 'alt': 'Giường trong phòng chung tại Luli Homestay - 40m Newly Built House, Luxury Location, Quiet Place'}, {'url': 'https://cf.bstatic.com/xdata/images/hotel/max500/653117972.jpg', 'alt': 'TV/trung tâm giải trí tại Luli Homestay - 40m Newly Built House, Luxury Location, Quiet Place'}, {'url': 'https://cf.bstatic.com/xdata/images/hotel/max500/653283833.jpg', 'alt': 'TV/trung tâm giải trí tại Luli Homestay - 40m Newly Built House, Luxury Location, Quiet Place'}, {'url': 'https://cf.bstatic.com/xdata/images/hotel/max300/653283828.jpg', 'alt': 'Giường trong phòng chung tại Luli Homestay - 40m Newly Built House, Luxury Location, Quiet Place'}, {'url': 'https://cf.bstatic.com/xdata/images/hotel/max300/653283835.jpg', 'alt': 'Phòng tắm tại Luli Homestay - 40m Newly Built House, Luxury Location, Quiet Place'}, {'url': 'https://cf.bstatic.com/xdata/images/hotel/max300/653285132.jpg', 'alt': 'Vườn quanh Luli Homestay - 40m Newly Built House, Luxury Location, Quiet Place'}, {'url': 'https://cf.bstatic.com/xdata/images/hotel/max300/653285140.jpg', 'alt': 'Giường trong phòng chung tại Luli Homestay - 40m Newly Built House, Luxury Location, Quiet Place'}, {'url': 'https://cf.bstatic.com/xdata/images/hotel/max300/653117955.jpg', 'alt': 'Phòng tắm tại Luli Homestay - 40m Newly Built House, Luxury Location, Quiet Place +6 ảnh'}]","[{'name': 'Phòng Superior Có Giường Cỡ King', 'bed_type': 'N/A', 'price': 'VND\xa0390.000', 'taxes_and_fees': 'Đã bao gồm thuế và phí', 'occupancy': 'Số người tối đa: 2', 'conditions': 'Phí hủy: Toàn bộ tiền phòng   Không cần thanh toán trước - thanh toán tại chỗ nghỉ    Không cần thẻ tín dụng  •Chỉ còn 1 phòng trên trang của chúng tôi'}, {'name': 'Phòng Superior Giường Đôi', 'bed_type': 'N/A', 'price': 'VND\xa0400.000', 'taxes_and_fees': 'Đã bao gồm thuế và phí', 'occupancy': 'Số người tối đa: 2', 'conditions': 'Phí hủy: Toàn bộ tiền phòng   Không cần thanh toán trước - thanh toán tại chỗ nghỉ    Không cần thẻ tín dụng  •Chỉ còn 3 phòng trên trang của chúng tôi'}, {'name': 'Căn Hộ 1 Phòng Ngủ', 'bed_type': 'N/A', 'price': 'VND\xa0427.500', 'taxes_and_fees': 'Đã bao gồm thuế và phí', 'occupancy': 'Số người tối đa: 3', 'conditions': 'Không hoàn tiền  •  Thanh toán cho chỗ nghỉ trước khi đến    Không cần thẻ tín dụng'}, {'name': 'N/A', 'bed_type': 'N/A', 'price': 'VND\xa0450.000', 'taxes_and_fees': 'Đã bao gồm thuế và phí', 'occupancy': 'Số người tối đa: 3', 'conditions': 'Phí hủy: Toàn bộ tiền phòng   Không cần thanh toán trước - thanh toán tại chỗ nghỉ    Không cần thẻ tín dụng'}]",hanoi,False,,VND
hotel_000003,Hera Palace Apartment - Ba Đình,https://www.booking.com/hotel/vn/hera-palace-apartment-ba-dinh.vi.html?label=gen173nr-1FCAQoggJCEHNlYXJjaF9ow6AgbuG7mWlIKlgEaPQBiAEBmAEquAEHyAEM2AEB6AEB-AEDiAIBqAIDuAKV75HABsACAdICJDJjNTc3NTFlLTBkZjctNGFiOC05MjlhLTk3ZTJlYzBhMmE2ZtgCBeACAQ&sid=7834fe4d42ec780609444a0dd3917e20&aid=304142&ucfs=1&arphpl=1&checkin=2025-04-22&checkout=2025-04-23&dest_id=-3714993&dest_type=city&group_adults=2&req_adults=2&no_rooms=1&group_children=0&req_children=0&hpos=4&hapos=4&sr_order=popularity&srpvid=80461fe0671002da&srepoch=1745296322&all_sr_blocks=1331333402_405662024_0_0_0_751900&highlighted_blocks=1331333402_405662024_0_0_0_751900&matching_block_id=1331333402_405662024_0_0_0_751900&sr_pri_blocks=1331333402_405662024_0_0_0_751900_33750000&from=searchresults,337500.0,Đã bao gồm thuế và phí,7.87,"Quận Ba Đình, Hà Nội","Nằm ở Hà Nội, cách Trung tâm thương mại Vincom Nguyễn Chí Thanh 2 km và Chùa Một Cột 2.3 km, Hera Palace Apartment - Ba Đình cung cấp chỗ nghỉ có Wi-Fi miễn phí.

Tất cả các căn có phòng tắm riêng, vòi sen, điều hòa, TV màn hình phẳng và tủ lạnh. Một số căn còn có bếp được trang bị bếp.

Khách sạn căn hộ cách Bảo tàng dân tộc học Việt Nam 2.4 km và Lăng Chủ tịch Hồ Chí Minh 2.8 km. Chỗ nghỉ cách Sân bay Quốc tế Nội Bài 22 km và cung cấp dịch vụ đưa đón sân bay mất phí.","[{'url': 'https://cf.bstatic.com/xdata/images/hotel/max1024x768/630830282.jpg', 'alt': 'Giường trong phòng chung tại Hera Palace Apartment - Ba Đình'}, {'url': 'https://cf.bstatic.com/xdata/images/hotel/max500/630838061.jpg', 'alt': 'Giường trong phòng chung tại Hera Palace Apartment - Ba Đình'}, {'url': 'https://cf.bstatic.com/xdata/images/hotel/max500/630830559.jpg', 'alt': 'Nhà bếp/bếp nhỏ tại Hera Palace Apartment - Ba Đình'}, {'url': 'https://cf.bstatic.com/xdata/images/hotel/max300/630831214.jpg', 'alt': 'Phòng tắm tại Hera Palace Apartment - Ba Đình'}, {'url': 'https://cf.bstatic.com/xdata/images/hotel/max300/630831187.jpg', 'alt': 'TV/trung tâm giải trí tại Hera Palace Apartment - Ba Đình'}, {'url': 'https://cf.bstatic.com/xdata/images/hotel/max300/644468352.jpg', 'alt': 'Khu vực sảnh/lễ tân tại Hera Palace Apartment - Ba Đình'}, {'url': 'https://cf.bstatic.com/xdata/images/hotel/max300/630831932.jpg', 'alt': 'Giường trong phòng chung tại Hera Palace Apartment - Ba Đình'}, {'url': 'https://cf.bstatic.com/xdata/images/hotel/max300/630830570.jpg', 'alt': 'Phòng tắm tại Hera Palace Apartment - Ba Đình +37 ảnh'}]","[{'name': 'Phòng Superior Giường Đôi', 'bed_type': 'N/A', 'price': 'VND\xa0337.500', 'taxes_and_fees': 'Đã bao gồm thuế và phí', 'occupancy': 'Số người tối đa: 2', 'conditions': 'Bao gồm nhận phòng sớm + nhận phòng trễ  Phí hủy: Toàn bộ tiền phòng   Không cần thanh toán trước - thanh toán tại chỗ nghỉ    Không cần thẻ tín dụng  – Có thể có giảm giá•Chỉ còn 7 phòng trên trang của chúng tôi'}, {'name': 'Studio Deluxe', 'bed_type': 'N/A', 'price': 'VND\xa0375.000', 'taxes_and_fees': 'Đã bao gồm thuế và phí', 'occupancy': 'Số người tối đa: 2', 'conditions': 'Bao gồm nhận phòng sớm + nhận phòng trễ  Phí hủy: Toàn bộ tiền phòng   Không cần thanh toán trước - thanh toán tại chỗ nghỉ    Không cần thẻ tín dụng  – Có thể có giảm giá'}, {'name': 'N/A', 'bed_type': 'N/A', 'price': 'VND\xa0356.250', 'taxes_and_fees': 'Đã bao gồm thuế và phí', 'occupancy': 'Số người tối đa: 1Chỉ dành cho 1 khách', 'conditions': 'Bao gồm nhận phòng sớm + nhận phòng trễ  Phí hủy: Toàn bộ tiền phòng   Không cần thanh toán trước - thanh toán tại chỗ nghỉ    Không cần thẻ tín dụng  – Có thể có giảm giá'}, {'name': 'Suite Có Giường Cỡ King', 'bed_type': 'N/A', 'price': 'VND\xa0412.500', 'taxes_and_fees': 'Đã bao gồm thuế và phí', 'occupancy': 'Số người tối đa: 2', 'conditions': 'Bao gồm nhận phòng sớm + nhận phòng trễ  Phí hủy: Toàn bộ tiền phòng   Không cần thanh toán trước - thanh toán tại chỗ nghỉ    Không cần thẻ tín dụng  – Có thể có giảm giá•Chỉ còn 4 trên trang của chúng tôi'}, {'name': 'Căn hộ Deluxe 1 Phòng ngủ', 'bed_type': 'N/A', 'price': 'VND\xa0427.500', 'taxes_and_fees': 'Đã bao gồm thuế và phí', 'occupancy': 'Số người tối đa: 2', 'conditions': 'Không hoàn tiền  •  Thanh toán cho chỗ nghỉ trước khi đến    Không cần thẻ tín dụng'}, {'name': 'N/A', 'bed_type': 'N/A', 'price': 'VND\xa0450.000', 'taxes_and_fees': 'Đã bao gồm thuế và phí', 'occupancy': 'Số người tối đa: 2', 'conditions': 'Bao gồm nhận phòng sớm + nhận phòng trễ  Phí hủy: Toàn bộ tiền phòng   Không cần thanh toán trước - thanh toán tại chỗ nghỉ    Không cần thẻ tín dụng'}]",hanoi,False,,VND
hotel_000004,Nam Cường X Hotel,https://www.booking.com/hotel/vn/nam-cuong-x-cau-giay.vi.html?label=gen173nr-1FCAQoggJCEHNlYXJjaF9ow6AgbuG7mWlIKlgEaPQBiAEBmAEquAEHyAEM2AEB6AEB-AEDiAIBqAIDuAKV75HABsACAdICJDJjNTc3NTFlLTBkZjctNGFiOC05MjlhLTk3ZTJlYzBhMmE2ZtgCBeACAQ&sid=7834fe4d42ec780609444a0dd3917e20&aid=304142&ucfs=1&arphpl=1&checkin=2025-04-22&checkout=2025-04-23&dest_id=-3714993&dest_type=city&group_adults=2&req_adults=2&no_rooms=1&group_children=0&req_children=0&hpos=5&hapos=5&sr_order=popularity&srpvid=80461fe0671002da&srepoch=1745296322&all_sr_blocks=1087700401_381694812_2_0_0&highlighted_blocks=1087700401_381694812_2_0_0&matching_block_id=1087700401_381694812_2_0_0&sr_pri_blocks=1087700401_381694812_2_0_0__32400000&from=searchresults,324000.0,Đã bao gồm thuế và phí,8.38,"Cau Giay, Hà Nội","Tọa lạc ở Hà Nội, cách Bảo tàng dân tộc học Việt Nam 1.8 km, Nam Cường X Hotel cung cấp chỗ nghỉ có phòng chờ chung, chỗ đậu xe riêng miễn phí, sân hiên và quầy bar. Khách sạn 3 sao này có dịch vụ phòng và dịch vụ tiền sảnh. Chỗ nghỉ cung cấp lễ tân 24/24, dịch vụ đưa đón sân bay, bếp chung và Wi-Fi miễn phí ở toàn bộ chỗ nghỉ.

Tại khách sạn, phòng nào cũng có điều hòa, khu vực ghế ngồi, TV màn hình phẳng có truyền hình vệ tinh, két an toàn, phòng tắm riêng, vòi xịt/chậu rửa vệ sinh, đồ vệ sinh cá nhân miễn phí và máy sấy tóc. Các phòng đều có ấm đun nước, trong đó một số phòng có ban công và một số khác thì nhìn ra thành phố. Tại Nam Cường X Hotel, các phòng được thiết kế có ga trải giường và khăn tắm.

Tại chỗ nghỉ, khách có thể sử dụng bể sục.

Nam Cường X Hotel cách Trung tâm thương mại Vincom Nguyễn Chí Thanh 3.6 km và Sân vận động Quốc gia Mỹ Đình 4.1 km.","[{'url': 'https://cf.bstatic.com/xdata/images/hotel/max1024x768/637132018.jpg', 'alt': 'Khu vực sảnh/lễ tân tại Nam Cường X Hotel'}, {'url': 'https://cf.bstatic.com/xdata/images/hotel/max500/637123828.jpg', 'alt': 'Giường trong phòng chung tại Nam Cường X Hotel'}, {'url': 'https://cf.bstatic.com/xdata/images/hotel/max500/637127762.jpg', 'alt': 'Phòng tắm tại Nam Cường X Hotel'}, {'url': 'https://cf.bstatic.com/xdata/images/hotel/max300/637132026.jpg', 'alt': 'Đồ ăn tại/gần khách sạn'}, {'url': 'https://cf.bstatic.com/xdata/images/hotel/max300/637126978.jpg', 'alt': 'TV/trung tâm giải trí tại Nam Cường X Hotel'}, {'url': 'https://cf.bstatic.com/xdata/images/hotel/max300/637136830.jpg', 'alt': 'Hồ bơi trong/gần Nam Cường X Hotel'}, {'url': 'https://cf.bstatic.com/xdata/images/hotel/max300/637132011.jpg', 'alt': 'Khu vực sảnh/lễ tân tại Nam Cường X Hotel'}, {'url': 'https://cf.bstatic.com/xdata/images/hotel/max300/637124656.jpg', 'alt': 'Giường trong phòng chung tại Nam Cường X Hotel +37 ảnh'}]","[{'name': 'Phòng Superior Giường Đôi', 'bed_type': 'N/A', 'price': 'VND\xa0324.000', 'taxes_and_fees': 'Đã bao gồm thuế và phí', 'occupancy': 'Số người tối đa: 2', 'conditions': 'Hủy miễn phí trước 18:00, 22 tháng 4, 2025   Không cần thanh toán trước - thanh toán tại chỗ nghỉ    Không cần thẻ tín dụng  – Có thể có giảm giá•Chỉ còn 6 phòng trên trang của chúng tôi'}, {'name': 'Phòng Deluxe Giường Đôi', 'bed_type': 'N/A', 'price': 'VND\xa0486.000', 'taxes_and_fees': 'Đã bao gồm thuế và phí', 'occupancy': 'Số người tối đa: 2', 'conditions': 'Hủy miễn phí trước 18:00, 22 tháng 4, 2025   Không cần thanh toán trước - thanh toán tại chỗ nghỉ    Không cần thẻ tín dụng  – Có thể có giảm giá•Chỉ còn 6 phòng trên trang của chúng tôi'}, {'name': 'Phòng Deluxe 2 Giường Đơn', 'bed_type': 'N/A', 'price': 'VND\xa0513.000', 'taxes_and_fees': 'Đã bao gồm thuế và phí', 'occupancy': 'Số người tối đa: 2', 'conditions': 'Hủy miễn phí trước 18:00, 22 tháng 4, 2025   Không cần thanh toán trước - thanh toán tại chỗ nghỉ    Không cần thẻ tín dụng  – Có thể có giảm giá•Chỉ còn 5 phòng trên trang của chúng tôi'}, {'name': 'Studio Deluxe Có Giường Cỡ Queen', 'bed_type': 'N/A', 'price': 'VND\xa0621.000', 'taxes_and_fees': 'Đã bao gồm thuế và phí', 'occupancy': 'Số người tối đa: 2', 'conditions': 'Hủy miễn phí trước 18:00, 22 tháng 4, 2025   Không cần thanh toán trước - thanh toán tại chỗ nghỉ    Không cần thẻ tín dụng  – Có thể có giảm giá•Chỉ còn 5 trên trang của chúng tôi'}, {'name': 'Suite Gia Đình Deluxe', 'bed_type': 'N/A', 'price': 'VND\xa0648.000', 'taxes_and_fees': 'Đã bao gồm thuế và phí', 'occupancy': 'Số người tối đa: 4', 'conditions': 'Hủy miễn phí trước 18:00, 22 tháng 4, 2025   Không cần thanh toán trước - thanh toán tại chỗ nghỉ    Không cần thẻ tín dụng  – Có thể có giảm giá•Chỉ còn 6 phòng trên trang của chúng tôi'}]",hanoi,False,,VND
hotel_000005,Eco Nest Hotel & Apartment,https://www.booking.com/hotel/vn/eco-nest-amp-apartment.vi.html?label=gen173nr-1FCAQoggJCEHNlYXJjaF9ow6AgbuG7mWlIKlgEaPQBiAEBmAEquAEHyAEM2AEB6AEB-AEDiAIBqAIDuAKV75HABsACAdICJDJjNTc3NTFlLTBkZjctNGFiOC05MjlhLTk3ZTJlYzBhMmE2ZtgCBeACAQ&sid=7834fe4d42ec780609444a0dd3917e20&aid=304142&ucfs=1&arphpl=1&checkin=2025-04-22&checkout=2025-04-23&dest_id=-3714993&dest_type=city&group_adults=2&req_adults=2&no_rooms=1&group_children=0&req_children=0&hpos=6&hapos=6&sr_order=popularity&srpvid=80461fe0671002da&srepoch=1745296322&all_sr_blocks=1244509501_0_2_0_0&highlighted_blocks=1244509501_0_2_0_0&matching_block_id=1244509501_0_2_0_0&sr_pri_blocks=1244509501_0_2_0_0__39418070&from=searchresults,394181.0,Đã bao gồm thuế và phí,7.47,"Quận Hoàn Kiếm, Hà Nội","Eco Nest Hotel & Apartment cung cấp chỗ nghỉ tọa lạc cách trung tâm Hà Nội chưa đến 1 km với khu vườn và sân hiên. WiFi miễn phí có sẵn ở toàn bộ chỗ nghỉ.

Chỗ nghỉ có điều hòa, bếp đầy đủ tiện nghi, TV màn hình phẳng, cũng như phòng tắm riêng với vòi xịt/chậu rửa vệ sinh, đồ vệ sinh cá nhân miễn phí và máy sấy tóc. Tủ lạnh và bếp, cũng như ấm đun nước đều được cung cấp.

Khách sạn căn hộ có dịch vụ cho thuê xe đạp.

Các điểm tham quan nổi tiếng gần Eco Nest Hotel & Apartment bao gồm Tràng Tiền Plaza, Nhà thờ Thánh Joseph và Ga Hà Nội. Sân bay Quốc tế Nội Bài cách 25 km.","[{'url': 'https://cf.bstatic.com/xdata/images/hotel/max1024x768/587671582.jpg', 'alt': 'Giường trong phòng chung tại Eco Nest Hotel & Apartment'}, {'url': 'https://cf.bstatic.com/xdata/images/hotel/max500/587671434.jpg', 'alt': 'Nhà bếp/bếp nhỏ tại Eco Nest Hotel & Apartment'}, {'url': 'https://cf.bstatic.com/xdata/images/hotel/max500/587671557.jpg', 'alt': 'Giường trong phòng chung tại Eco Nest Hotel & Apartment'}, {'url': 'https://cf.bstatic.com/xdata/images/hotel/max300/592556751.jpg', 'alt': 'Nhà hàng/khu ăn uống khác tại Eco Nest Hotel & Apartment'}, {'url': 'https://cf.bstatic.com/xdata/images/hotel/max300/589645975.jpg', 'alt': 'Phòng tắm tại Eco Nest Hotel & Apartment'}, {'url': 'https://cf.bstatic.com/xdata/images/hotel/max300/588413530.jpg', 'alt': 'Tòa nhà nơi khách sạn căn hộ tọa lạc'}, {'url': 'https://cf.bstatic.com/xdata/images/hotel/max300/587671523.jpg', 'alt': 'Nhà bếp/bếp nhỏ tại Eco Nest Hotel & Apartment'}, {'url': 'https://cf.bstatic.com/xdata/images/hotel/max300/589880760.jpg', 'alt': 'Cảnh Hà Nội hoặc tầm nhìn thành phố từ khách sạn căn hộ +15 ảnh'}]","[{'name': 'Studio Tiêu Chuẩn', 'bed_type': 'N/A', 'price': 'VND\xa0394.181', 'taxes_and_fees': 'Đã bao gồm thuế và phí', 'occupancy': 'Số người tối đa: 2', 'conditions': 'Không hoàn tiền  •Thanh toán trướcƯu Đãi Từ Đối TácĐược xử lý bởi công ty đối tác của Booking.comKhông chỉnh sửaXác nhận trong vòng 2 phútKhông thể áp dụng chung với các ưu đãi khácTìm hiểu thêmChúng tôi đã chọn phương án này và bỏ lựa chọn trước đó của bạn. Trong mỗi đơn đặt, bạn chỉ có thể chọn một loại phòng/căn (bất kể số lượng) với Ưu đãi từ đối tác.'}, {'name': 'Studio Tiêu Chuẩn', 'bed_type': 'N/A', 'price': 'VND\xa0450.000', 'taxes_and_fees': 'Đã bao gồm thuế và phí', 'occupancy': 'Số người tối đa: 2', 'conditions': 'Miễn phí hủy bất kỳ lúc nào   Không cần thanh toán trước - thanh toán tại chỗ nghỉ    Không cần thẻ tín dụng  – Có thể có giảm giá'}, {'name': 'Studio Deluxe', 'bed_type': 'N/A', 'price': 'VND\xa0600.000', 'taxes_and_fees': 'Đã bao gồm thuế và phí', 'occupancy': 'Số người tối đa: 2', 'conditions': 'Miễn phí hủy bất kỳ lúc nào   Không cần thanh toán trước - thanh toán tại chỗ nghỉ    Không cần thẻ tín dụng  – Có thể có giảm giá•Chỉ còn 3 trên trang của chúng tôi'}, {'name': 'Suite Deluxe', 'bed_type': 'N/A', 'price': 'VND\xa0650.000', 'taxes_and_fees': 'Đã bao gồm thuế và phí', 'occupancy': 'Số người tối đa: 2', 'conditions': 'Miễn phí hủy bất kỳ lúc nào   Không cần thanh toán trước - thanh toán tại chỗ nghỉ    Không cần thẻ tín dụng  – Có thể có giảm giá•Chỉ còn 2 trên trang của chúng tôi'}, {'name': 'Phòng Deluxe Gia đình', 'bed_type': 'N/A', 'price': 'VND\xa01.000.000', 'taxes_and_fees': 'Đã bao gồm thuế và phí', 'occupancy': 'Số người tối đa: 4', 'conditions': 'Miễn phí hủy bất kỳ lúc nào   Không cần thanh toán trước - thanh toán tại chỗ nghỉ    Không cần thẻ tín dụng  – Có thể có giảm giá•Chỉ còn 2 phòng trên trang của chúng tôi'}]",hanoi,False,,VND
hotel_000006,Era Apartment Xuân Thuỷ,https://www.booking.com/hotel/vn/era-apartment-center.vi.html?label=gen173nr-1FCAQoggJCEHNlYXJjaF9ow6AgbuG7mWlIKlgEaPQBiAEBmAEquAEHyAEM2AEB6AEB-AEDiAIBqAIDuAKV75HABsACAdICJDJjNTc3NTFlLTBkZjctNGFiOC05MjlhLTk3ZTJlYzBhMmE2ZtgCBeACAQ&sid=7834fe4d42ec780609444a0dd3917e20&aid=304142&ucfs=1&arphpl=1&checkin=2025-04-22&checkout=2025-04-23&dest_id=-3714993&dest_type=city&group_adults=2&req_adults=2&no_rooms=1&group_children=0&req_children=0&hpos=7&hapos=7&sr_order=popularity&srpvid=80461fe0671002da&srepoch=1745296322&all_sr_blocks=896526501_406347726_2_0_0&highlighted_blocks=896526501_406347726_2_0_0&matching_block_id=896526501_406347726_2_0_0&sr_pri_blocks=896526501_406347726_2_0_0__28743800&from=searchresults,287438.0,Đã bao gồm thuế và phí,8.58,"Cau Giay, Hà Nội","Era Apartment Xuân Thuỷ nằm ở Hà Nội, cách Bảo tàng dân tộc học Việt Nam 2.1 km, cung cấp chỗ nghỉ có điều hòa, Wi-Fi miễn phí, cũng như sân hiên.

Tất cả các căn đều có bếp đầy đủ tiện nghi, cho phép du khách tự chuẩn bị bữa ăn tươi ngon. Tại đây có phòng tắm riêng đầy đủ tiện nghi với vòi xịt/chậu rửa vệ sinh và dép đi trong phòng.

Khách sạn căn hộ cách Trung tâm thương mại Vincom Nguyễn Chí Thanh 3.9 km và Sân vận động Quốc gia Mỹ Đình 4 km.","[{'url': 'https://cf.bstatic.com/xdata/images/hotel/max1024x768/605302769.jpg', 'alt': 'Phòng tắm tại Era Apartment Xuân Thuỷ'}, {'url': 'https://cf.bstatic.com/xdata/images/hotel/max500/637258465.jpg', 'alt': 'TV/trung tâm giải trí tại Era Apartment Xuân Thuỷ'}, {'url': 'https://cf.bstatic.com/xdata/images/hotel/max500/569236537.jpg', 'alt': 'Giường trong phòng chung tại Era Apartment Xuân Thuỷ'}, {'url': 'https://cf.bstatic.com/xdata/images/hotel/max300/637258513.jpg', 'alt': 'Giường trong phòng chung tại Era Apartment Xuân Thuỷ'}, {'url': 'https://cf.bstatic.com/xdata/images/hotel/max300/637258473.jpg', 'alt': 'Nhà bếp/bếp nhỏ tại Era Apartment Xuân Thuỷ'}, {'url': 'https://cf.bstatic.com/xdata/images/hotel/max300/637258527.jpg', 'alt': 'Nhà bếp/bếp nhỏ tại Era Apartment Xuân Thuỷ'}, {'url': 'https://cf.bstatic.com/xdata/images/hotel/max300/569236559.jpg', 'alt': 'Ảnh trong thư viện ảnh của Era Apartment Xuân Thuỷ ở Hà Nội'}, {'url': 'https://cf.bstatic.com/xdata/images/hotel/max300/637258517.jpg', 'alt': 'Phòng tắm tại Era Apartment Xuân Thuỷ +37 ảnh'}]","[{'name': 'Studio', 'bed_type': 'N/A', 'price': 'VND\xa0287.438', 'taxes_and_fees': 'Đã bao gồm thuế và phí', 'occupancy': 'Số người tối đa: 2', 'conditions': 'Không hoàn tiền  •  Thanh toán cho chỗ nghỉ trước khi đến    Không cần thẻ tín dụng  – Có thể có giảm giá'}, {'name': 'N/A', 'bed_type': 'N/A', 'price': 'VND\xa0258.694', 'taxes_and_fees': 'Đã bao gồm thuế và phí', 'occupancy': 'Số người tối đa: 1Chỉ dành cho 1 khách', 'conditions': 'Không hoàn tiền  •  Thanh toán cho chỗ nghỉ trước khi đến    Không cần thẻ tín dụng  – Có thể có giảm giá'}, {'name': 'Căn Hộ 1 Phòng Ngủ', 'bed_type': 'N/A', 'price': 'VND\xa0320.732', 'taxes_and_fees': 'Đã bao gồm thuế và phí', 'occupancy': 'Số người tối đa: 2', 'conditions': 'Không hoàn tiền  •  Thanh toán cho chỗ nghỉ trước khi đến    Không cần thẻ tín dụng'}, {'name': 'N/A', 'bed_type': 'N/A', 'price': 'VND\xa0288.659', 'taxes_and_fees': 'Đã bao gồm thuế và phí', 'occupancy': 'Số người tối đa: 1Chỉ dành cho 1 khách', 'conditions': 'Không hoàn tiền  •  Thanh toán cho chỗ nghỉ trước khi đến    Không cần thẻ tín dụng'}]",hanoi,False,,VND
hotel_000007,Luxe Paradise Residence Xuan La,https://www.booking.com/hotel/vn/paradise-home-xuan-la.vi.html?label=gen173nr-1FCAQoggJCEHNlYXJjaF9ow6AgbuG7mWlIKlgEaPQBiAEBmAEquAEHyAEM2AEB6AEB-AEDiAIBqAIDuAKV75HABsACAdICJDJjNTc3NTFlLTBkZjctNGFiOC05MjlhLTk3ZTJlYzBhMmE2ZtgCBeACAQ&sid=7834fe4d42ec780609444a0dd3917e20&aid=304142&ucfs=1&arphpl=1&checkin=2025-04-22&checkout=2025-04-23&dest_id=-3714993&dest_type=city&group_adults=2&req_adults=2&no_rooms=1&group_children=0&req_children=0&hpos=8&hapos=8&sr_order=popularity&srpvid=80461fe0671002da&srepoch=1745296322&all_sr_blocks=685511302_411466771_2_0_0_707229&highlighted_blocks=685511302_411466771_2_0_0_707229&matching_block_id=685511302_411466771_2_0_0_707229&sr_pri_blocks=685511302_411466771_2_0_0_707229_49400000&from=searchresults,494000.0,Đã bao gồm thuế và phí,7.67,"Quận Tây Hồ, Hà Nội","Tọa lạc ở Hà Nội, cách Bảo tàng dân tộc học Việt Nam 3.6 km và Chùa Một Cột 5.2 km, Luxe Paradise Residence Xuan La cung cấp Wi-Fi miễn phí.

Chỗ nghỉ có điều hòa, bếp đầy đủ tiện nghi, TV màn hình phẳng, cũng như phòng tắm riêng với vòi sen, đồ vệ sinh cá nhân miễn phí và máy sấy tóc. Một số căn có sân hiên và/hoặc ban công nhìn ra thành phố.

Căn hộ cách Trung tâm thương mại Vincom Nguyễn Chí Thanh 5.5 km và Đền Quán Thánh 5.9 km.","[{'url': 'https://cf.bstatic.com/xdata/images/hotel/max1024x768/612606881.jpg', 'alt': 'Khu vực ghế ngồi tại Luxe Paradise Residence Xuan La'}, {'url': 'https://cf.bstatic.com/xdata/images/hotel/max500/449204916.jpg', 'alt': 'TV/trung tâm giải trí tại Luxe Paradise Residence Xuan La'}, {'url': 'https://cf.bstatic.com/xdata/images/hotel/max500/431946653.jpg', 'alt': 'Khu vực ghế ngồi tại Luxe Paradise Residence Xuan La'}, {'url': 'https://cf.bstatic.com/xdata/images/hotel/max300/612606884.jpg', 'alt': 'Giường trong phòng chung tại Luxe Paradise Residence Xuan La'}, {'url': 'https://cf.bstatic.com/xdata/images/hotel/max300/633847153.jpg', 'alt': 'Giường trong phòng chung tại Luxe Paradise Residence Xuan La'}, {'url': 'https://cf.bstatic.com/xdata/images/hotel/max300/612606886.jpg', 'alt': 'TV/trung tâm giải trí tại Luxe Paradise Residence Xuan La'}, {'url': 'https://cf.bstatic.com/xdata/images/hotel/max300/612606883.jpg', 'alt': 'Giường trong phòng chung tại Luxe Paradise Residence Xuan La'}, {'url': 'https://cf.bstatic.com/xdata/images/hotel/max300/274365365.jpg', 'alt': 'TV/trung tâm giải trí tại Luxe Paradise Residence Xuan La +37 ảnh'}]","[{'name': 'Căn hộ Tiêu chuẩn 2 phòng ngủ', 'bed_type': 'N/A', 'price': 'VND\xa0579.754', 'taxes_and_fees': 'Đã bao gồm thuế và phí', 'occupancy': 'Số người tối đa: 2', 'conditions': 'Không hoàn tiền•Thanh toán trướcƯu Đãi Từ Đối TácĐược xử lý bởi công ty đối tác của Booking.comKhông chỉnh sửaXác nhận trong vòng 2 phútKhông thể áp dụng chung với các ưu đãi khácTìm hiểu thêmChúng tôi đã chọn phương án này và bỏ lựa chọn trước đó của bạn. Trong mỗi đơn đặt, bạn chỉ có thể chọn một loại phòng/căn (bất kể số lượng) với Ưu đãi từ đối tác.'}, {'name': 'Căn Hộ 1 Phòng Ngủ', 'bed_type': 'N/A', 'price': 'VND\xa0713.700', 'taxes_and_fees': 'Đã bao gồm thuế và phí', 'occupancy': 'Số người tối đa: 2', 'conditions': 'Bao gồm chỗ đậu xe + nhận phòng trễ + internet tốc độ cao  Phí hủy: 50% tiền phòng   Không cần thanh toán trước - thanh toán tại chỗ nghỉ    Không cần thẻ tín dụng  – Có thể có giảm giá•Chỉ còn 2 trên trang của chúng tôi'}, {'name': 'Căn hộ Tiêu chuẩn', 'bed_type': 'N/A', 'price': 'VND\xa0905.850', 'taxes_and_fees': 'Đã bao gồm thuế và phí', 'occupancy': 'Số người tối đa: 4', 'conditions': 'Bao gồm chỗ đậu xe + nhận phòng trễ + internet tốc độ cao  Phí hủy: 50% tiền phòng   Không cần thanh toán trước - thanh toán tại chỗ nghỉ    Không cần thẻ tín dụng  – Có thể có giảm giá•Chỉ còn 2 trên trang của chúng tôi'}, {'name': 'Căn hộ Superior 2 Phòng ngủ', 'bed_type': 'N/A', 'price': 'VND\xa0933.300', 'taxes_and_fees': 'Đã bao gồm thuế và phí', 'occupancy': 'Số người tối đa: 4', 'conditions': 'Bao gồm chỗ đậu xe + nhận phòng trễ + internet tốc độ cao  Phí hủy: 50% tiền phòng   Không cần thanh toán trước - thanh toán tại chỗ nghỉ    Không cần thẻ tín dụng  – Có thể có giảm giá•Chỉ còn 3 trên trang của chúng tôi'}, {'name': 'Căn Hộ 2 Phòng Ngủ', 'bed_type': 'N/A', 'price': 'VND\xa0988.200', 'taxes_and_fees': 'Đã bao gồm thuế và phí', 'occupancy': 'Số người tối đa: 4', 'conditions': 'Bao gồm chỗ đậu xe + nhận phòng trễ + internet tốc độ cao  Phí hủy: 50% tiền phòng   Không cần thanh toán trước - thanh toán tại chỗ nghỉ    Không cần thẻ tín dụng  – Có thể có giảm giá•Chỉ còn 1 trên trang của chúng tôi'}]",hanoi,False,,VND
hotel_000008,Sunny Days Apartment & Hotel,https://www.booking.com/hotel/vn/paradise-home-kham-thien.vi.html?label=gen173nr-1FCAQoggJCEHNlYXJjaF9ow6AgbuG7mWlIKlgEaPQBiAEBmAEquAEHyAEM2AEB6AEB-AEDiAIBqAIDuAKV75HABsACAdICJDJjNTc3NTFlLTBkZjctNGFiOC05MjlhLTk3ZTJlYzBhMmE2ZtgCBeACAQ&sid=7834fe4d42ec780609444a0dd3917e20&aid=304142&ucfs=1&arphpl=1&checkin=2025-04-22&checkout=2025-04-23&dest_id=-3714993&dest_type=city&group_adults=2&req_adults=2&no_rooms=1&group_children=0&req_children=0&hpos=9&hapos=9&sr_order=popularity&srpvid=80461fe0671002da&srepoch=1745296322&all_sr_blocks=1093953002_411830246_2_0_0&highlighted_blocks=1093953002_411830246_2_0_0&matching_block_id=1093953002_411830246_2_0_0&sr_pri_blocks=1093953002_411830246_2_0_0__55000000&from=searchresults,550000.0,Đã bao gồm thuế và phí,8.28,"Quận Đống Đa, Hà Nội","Tọa lạc ở Hà Nội, cách Ga Hà Nội 12 phút đi bộ và Tràng Tiền Plaza 2 km, Sunny Days Apartment & Hotel cung cấp chỗ nghỉ có Wi-Fi miễn phí và sân hiên.

Chỗ nghỉ có điều hòa, bếp đầy đủ tiện nghi, TV màn hình phẳng, cũng như phòng tắm riêng với vòi sen, đồ vệ sinh cá nhân miễn phí và máy sấy tóc. Một số căn có ban công và/hoặc sân trong nhìn ra thành phố.

Căn hộ cách Nhà thờ Thánh Joseph 2.1 km và Văn Miếu - Quốc Tử Giám 2.2 km.","[{'url': 'https://cf.bstatic.com/xdata/images/hotel/max1024x768/500105954.jpg', 'alt': 'Giường trong phòng chung tại Sunny Days Apartment & Hotel'}, {'url': 'https://cf.bstatic.com/xdata/images/hotel/max500/500105984.jpg', 'alt': 'Khu vực ghế ngồi tại Sunny Days Apartment & Hotel'}, {'url': 'https://cf.bstatic.com/xdata/images/hotel/max500/500105945.jpg', 'alt': 'Phòng tắm tại Sunny Days Apartment & Hotel'}, {'url': 'https://cf.bstatic.com/xdata/images/hotel/max300/500107629.jpg', 'alt': 'Nhà bếp/bếp nhỏ tại Sunny Days Apartment & Hotel'}, {'url': 'https://cf.bstatic.com/xdata/images/hotel/max300/674049497.jpg', 'alt': 'TV/trung tâm giải trí tại Sunny Days Apartment & Hotel'}, {'url': 'https://cf.bstatic.com/xdata/images/hotel/max300/500105976.jpg', 'alt': 'Ban công/sân hiên tại Sunny Days Apartment & Hotel'}, {'url': 'https://cf.bstatic.com/xdata/images/hotel/max300/500107644.jpg', 'alt': 'Phòng tắm tại Sunny Days Apartment & Hotel'}, {'url': 'https://cf.bstatic.com/xdata/images/hotel/max300/500105886.jpg', 'alt': 'Nhà bếp/bếp nhỏ tại Sunny Days Apartment & Hotel +4 ảnh'}]","[{'name': 'Suite Deluxe', 'bed_type': 'N/A', 'price': 'VND\xa0550.000', 'taxes_and_fees': 'Đã bao gồm thuế và phí', 'occupancy': 'Số người tối đa: 2', 'conditions': 'Miễn phí hủy bất kỳ lúc nào   Không cần thanh toán trước - thanh toán tại chỗ nghỉ    Không cần thẻ tín dụng  – Có thể có giảm giá•Chỉ còn 6 trên trang của chúng tôi'}, {'name': 'Suite Nhìn Ra Thành Phố', 'bed_type': 'N/A', 'price': 'VND\xa0600.000', 'taxes_and_fees': 'Đã bao gồm thuế và phí', 'occupancy': 'Số người tối đa: 2', 'conditions': 'Miễn phí hủy bất kỳ lúc nào   Không cần thanh toán trước - thanh toán tại chỗ nghỉ    Không cần thẻ tín dụng  – Có thể có giảm giá•Chỉ còn 3 trên trang của chúng tôi'}]",hanoi,False,,VND
hotel_000009,Hanoi Ben~s Apartment And Hotel - Pub 2,https://www.booking.com/hotel/vn/hanoi-bens-apartment-and-pub-2.vi.html?label=gen173nr-1FCAQoggJCEHNlYXJjaF9ow6AgbuG7mWlIKlgEaPQBiAEBmAEquAEHyAEM2AEB6AEB-AEDiAIBqAIDuAKV75HABsACAdICJDJjNTc3NTFlLTBkZjctNGFiOC05MjlhLTk3ZTJlYzBhMmE2ZtgCBeACAQ&sid=7834fe4d42ec780609444a0dd3917e20&aid=304142&ucfs=1&arphpl=1&checkin=2025-04-22&checkout=2025-04-23&dest_id=-3714993&dest_type=city&group_adults=2&req_adults=2&no_rooms=1&group_children=0&req_children=0&hpos=10&hapos=10&sr_order=popularity&srpvid=80461fe0671002da&srepoch=1745296322&all_sr_blocks=1204885701_392709727_2_0_0&highlighted_blocks=1204885701_392709727_2_0_0&matching_block_id=1204885701_392709727_2_0_0&sr_pri_blocks=1204885701_392709727_2_0_0__54000000&from=searchresults,540000.0,Đã bao gồm thuế và phí,8.98,"Quận Hai Bà Trưng, Hà Nội","Nằm ở Hà Nội và cách Tràng Tiền Plaza 12 phút đi bộ, Hanoi Ben~s Apartment And Hotel - Pub 2 cung cấp dịch vụ tiền sảnh, các phòng không gây dị ứng, khu vườn, Wi-Fi miễn phí ở toàn bộ chỗ nghỉ và sân hiên. Chỗ nghỉ này có các tiện nghi như quầy bar và trung tâm spa và chăm sóc sức khỏe. Một số phòng tại chỗ nghỉ có ban công với view thành phố.

Khách sạn sẽ cung cấp cho khách các phòng được trang bị điều hòa có bàn làm việc, ấm đun nước, tủ lạnh, lò nướng, két an toàn, TV màn hình phẳng và phòng tắm riêng với vòi sen. Tại Hanoi Ben~s Apartment And Hotel - Pub 2, tất cả các phòng có ga trải giường và khăn tắm.

Thành thạo tiếng Anh và tiếng Việt, đội ngũ nhân viên tại lễ tân luôn sẵn lòng hỗ trợ khách vào bất kỳ thời điểm nào trong ngày.

Các điểm tham quan nổi tiếng gần chỗ nghỉ bao gồm Nhà hát Lớn Hà Nội, Nhà hát múa rối Thăng Long và Nhà thờ Thánh Joseph. Chỗ nghỉ cách Sân bay Quốc tế Nội Bài 26 km và cung cấp dịch vụ đưa đón sân bay mất phí.","[{'url': 'https://cf.bstatic.com/xdata/images/hotel/max1024x768/556285824.jpg', 'alt': 'Ban công/sân hiên tại Hanoi Ben~s Apartment And Hotel - Pub 2'}, {'url': 'https://cf.bstatic.com/xdata/images/hotel/max500/555966894.jpg', 'alt': 'Giường trong phòng chung tại Hanoi Ben~s Apartment And Hotel - Pub 2'}, {'url': 'https://cf.bstatic.com/xdata/images/hotel/max500/555966820.jpg', 'alt': 'Phòng tắm tại Hanoi Ben~s Apartment And Hotel - Pub 2'}, {'url': 'https://cf.bstatic.com/xdata/images/hotel/max300/555966771.jpg', 'alt': 'Nhà bếp/bếp nhỏ tại Hanoi Ben~s Apartment And Hotel - Pub 2'}, {'url': 'https://cf.bstatic.com/xdata/images/hotel/max300/555966870.jpg', 'alt': 'TV/trung tâm giải trí tại Hanoi Ben~s Apartment And Hotel - Pub 2'}, {'url': 'https://cf.bstatic.com/xdata/images/hotel/max300/556285826.jpg', 'alt': 'Ban công/sân hiên tại Hanoi Ben~s Apartment And Hotel - Pub 2'}, {'url': 'https://cf.bstatic.com/xdata/images/hotel/max300/555966967.jpg', 'alt': 'Khu vực ghế ngồi tại Hanoi Ben~s Apartment And Hotel - Pub 2'}, {'url': 'https://cf.bstatic.com/xdata/images/hotel/max300/555966767.jpg', 'alt': 'Ảnh trong thư viện ảnh của Hanoi Ben~s Apartment And Hotel - Pub 2 ở Hà Nội +31 ảnh'}]","[{'name': 'Phòng Deluxe Giường Đôi', 'bed_type': 'N/A', 'price': 'VND\xa0540.000', 'taxes_and_fees': 'Đã bao gồm thuế và phí', 'occupancy': 'Số người tối đa: 2', 'conditions': 'Không hoàn tiền  •  Thanh toán cho chỗ nghỉ trước khi đến    Không cần thẻ tín dụng  – Có thể có giảm giá'}, {'name': 'N/A', 'bed_type': 'N/A', 'price': 'VND\xa0600.000', 'taxes_and_fees': 'Đã bao gồm thuế và phí', 'occupancy': 'Số người tối đa: 2', 'conditions': 'Hủy miễn phí trước 18:00, 22 tháng 4, 2025   Không cần thanh toán trước - thanh toán tại chỗ nghỉ    Không cần thẻ tín dụng  – Có thể có giảm giá'}, {'name': 'N/A', 'bed_type': 'N/A', 'price': 'VND\xa0570.000', 'taxes_and_fees': 'Đã bao gồm thuế và phí', 'occupancy': 'Số người tối đa: 1Chỉ dành cho 1 khách', 'conditions': 'Hủy miễn phí trước 18:00, 22 tháng 4, 2025   Không cần thanh toán trước - thanh toán tại chỗ nghỉ    Không cần thẻ tín dụng  – Có thể có giảm giá'}]",hanoi,False,,VND
hotel_000010,The Orchid Luxury Suites,https://www.booking.com/hotel/vn/the-orchid-luxury-suites-tay-ho.vi.html?label=gen173nr-1FCAQoggJCEHNlYXJjaF9ow6AgbuG7mWlIKlgEaPQBiAEBmAEquAEHyAEM2AEB6AEB-AEDiAIBqAIDuAKV75HABsACAdICJDJjNTc3NTFlLTBkZjctNGFiOC05MjlhLTk3ZTJlYzBhMmE2ZtgCBeACAQ&sid=7834fe4d42ec780609444a0dd3917e20&aid=304142&ucfs=1&arphpl=1&checkin=2025-04-22&checkout=2025-04-23&dest_id=-3714993&dest_type=city&group_adults=2&req_adults=2&no_rooms=1&group_children=0&req_children=0&hpos=11&hapos=11&sr_order=popularity&srpvid=80461fe0671002da&srepoch=1745296322&all_sr_blocks=1399277201_411786869_2_0_0&highlighted_blocks=1399277201_411786869_2_0_0&matching_block_id=1399277201_411786869_2_0_0&sr_pri_blocks=1399277201_411786869_2_0_0__135000000&from=searchresults,1350000.0,Đã bao gồm thuế và phí,8.42,"Cau Giay, Hà Nội","Tọa lạc ở Hà Nội thuộc Hà Nội, The Orchid Luxury Suites cung cấp chỗ đậu xe riêng miễn phí.

Chỗ nghỉ có điều hòa, bếp đầy đủ tiện nghi, TV màn hình phẳng, cũng như phòng tắm riêng với vòi sen, đồ vệ sinh cá nhân miễn phí và máy sấy tóc. Tủ lạnh, lò nướng và bếp, cũng như ấm đun nước đều được cung cấp.

Căn hộ có dịch vụ cho thuê ô tô.

The Orchid Luxury Suites cách Bảo tàng dân tộc học Việt Nam 2.7 km. Sân bay Quốc tế Nội Bài cách 20 km, đồng thời chỗ nghỉ có cung cấp dịch vụ đưa đón sân bay mất phí.","[{'url': 'https://cf.bstatic.com/xdata/images/hotel/max1024x768/673705880.jpg', 'alt': 'Khu vực ghế ngồi tại The Orchid Luxury Suites'}, {'url': 'https://cf.bstatic.com/xdata/images/hotel/max500/673705905.jpg', 'alt': 'Giường trong phòng chung tại The Orchid Luxury Suites'}, {'url': 'https://cf.bstatic.com/xdata/images/hotel/max500/673705683.jpg', 'alt': 'Phòng tắm tại The Orchid Luxury Suites'}, {'url': 'https://cf.bstatic.com/xdata/images/hotel/max300/673705653.jpg', 'alt': 'Nhà bếp/bếp nhỏ tại The Orchid Luxury Suites'}, {'url': 'https://cf.bstatic.com/xdata/images/hotel/max300/673705894.jpg', 'alt': 'TV/trung tâm giải trí tại The Orchid Luxury Suites'}, {'url': 'https://cf.bstatic.com/xdata/images/hotel/max300/673706743.jpg', 'alt': 'Ảnh trong thư viện ảnh của The Orchid Luxury Suites ở Hà Nội'}, {'url': 'https://cf.bstatic.com/xdata/images/hotel/max300/673705670.jpg', 'alt': 'Khu vực ghế ngồi tại The Orchid Luxury Suites'}, {'url': 'https://cf.bstatic.com/xdata/images/hotel/max300/673705262.jpg', 'alt': 'Phòng tắm tại The Orchid Luxury Suites +19 ảnh'}]","[{'name': 'Căn Hộ 1 Phòng Ngủ', 'bed_type': 'N/A', 'price': 'VND\xa01.350.000', 'taxes_and_fees': 'Đã bao gồm thuế và phí', 'occupancy': 'Số người tối đa: 2', 'conditions': 'Phí hủy: Toàn bộ tiền phòng   Không cần thanh toán trước - thanh toán tại chỗ nghỉ    Không cần thẻ tín dụng'}, {'name': 'N/A', 'bed_type': 'N/A', 'price': 'VND\xa01.269.000', 'taxes_and_fees': 'Đã bao gồm thuế và phí', 'occupancy': 'Số người tối đa: 1Chỉ dành cho 1 khách', 'conditions': 'Phí hủy: Toàn bộ tiền phòng   Không cần thanh toán trước - thanh toán tại chỗ nghỉ    Không cần thẻ tín dụng'}, {'name': 'Studio Deluxe Giường Đôi', 'bed_type': 'N/A', 'price': 'VND\xa01.620.000', 'taxes_and_fees': 'Đã bao gồm thuế và phí', 'occupancy': 'Số người tối đa: 2', 'conditions': 'Phí hủy: Toàn bộ tiền phòng   Không cần thanh toán trước - thanh toán tại chỗ nghỉ    Không cần thẻ tín dụng'}, {'name': 'N/A', 'bed_type': 'N/A', 'price': 'VND\xa01.522.800', 'taxes_and_fees': 'Đã bao gồm thuế và phí', 'occupancy': 'Số người tối đa: 1Chỉ dành cho 1 khách', 'conditions': 'Phí hủy: Toàn bộ tiền phòng   Không cần thanh toán trước - thanh toán tại chỗ nghỉ    Không cần thẻ tín dụng'}]",hanoi,False,,VND
